<?xml version="1.0" encoding="UTF-8"?>
<project-private xmlns="http://www.netbeans.org/ns/project-private/1">
    <editor-bookmarks xmlns="http://www.netbeans.org/ns/editor-bookmarks/2" lastBookmarkId="0"/>
    <open-files xmlns="http://www.netbeans.org/ns/projectui-open-files/2">
        <group>
            <file>file:/F:/ElectonicShopJava/web/signup.jsp</file>
            <file>file:/F:/ElectonicShopJava/web/gift1.jsp</file>
            <file>file:/F:/ElectonicShopJava/web/controller.jsp</file>
            <file>file:/F:/ElectonicShopJava/web/giftbycategory.jsp</file>
            <file>file:/F:/ElectonicShopJava/web/contact.jsp</file>
            <file>file:/F:/ElectonicShopJava/web/mygift2.jsp</file>
            <file>file:/F:/ElectonicShopJava/web/dashboard.jsp</file>
            <file>file:/F:/ElectonicShopJava/src/java/UploadGiftImage.java</file>
            <file>file:/F:/ElectonicShopJava/web/logingiftcontroller.jsp</file>
            <file>file:/F:/ElectonicShopJava/web/accounts.jsp</file>
            <file>file:/F:/ElectonicShopJava/web/adm-page.jsp</file>
            <file>file:/F:/ElectonicShopJava/web/controller1.jsp</file>
            <file>file:/F:/ElectonicShopJava/src/java/handlegift.java</file>
            <file>file:/F:/ElectonicShopJava/web/myfeedback.jsp</file>
            <file>file:/F:/ElectonicShopJava/web/viewcart.jsp</file>
            <file>file:/F:/ElectonicShopJava/web/logoutcontroller.jsp</file>
            <file>file:/F:/ElectonicShopJava/web/statusUpdate.jsp</file>
            <file>file:/F:/ElectonicShopJava/web/index.jsp</file>
            <file>file:/F:/ElectonicShopJava/web/feedback.jsp</file>
            <file>file:/F:/ElectonicShopJava/web/signupcontroller.jsp</file>
            <file>file:/F:/ElectonicShopJava/web/mygift.jsp</file>
            <file>file:/F:/ElectonicShopJava/web/logingift.jsp</file>
            <file>file:/F:/ElectonicShopJava/web/viewfeedback.jsp</file>
            <file>file:/F:/ElectonicShopJava/src/java/myPackage/classes/Booking.java</file>
            <file>file:/F:/ElectonicShopJava/web/giftselect.jsp</file>
            <file>file:/F:/ElectonicShopJava/web/std-page.jsp</file>
            <file>file:/F:/ElectonicShopJava/web/login.jsp</file>
            <file>file:/F:/ElectonicShopJava/web/profile.jsp</file>
            <file>file:/F:/ElectonicShopJava/web/contactcontroller.jsp</file>
            <file>file:/F:/ElectonicShopJava/src/java/myPackage/DatabaseClass.java</file>
            <file>file:/F:/ElectonicShopJava/web/booking.jsp</file>
            <file>file:/F:/ElectonicShopJava/web/team.html</file>
            <file>file:/F:/ElectonicShopJava/web/showbookings.jsp</file>
            <file>file:/F:/ElectonicShopJava/web/gift.jsp</file>
        </group>
    </open-files>
</project-private>
